<?xml version="1.0" encoding="UTF-8"?>
<!DOCTYPE beans PUBLIC "-//SPRING//DTD BEAN//EN" "http://www.springframework.org/dtd/spring-beans.dtd">

<beans>
    <bean id="logRecordRepository" class="com.ef.dao.logs.LogRecordRepository">
        <property name="dataSource" ref="dataSource" />
    </bean>

    <bean id="dataSource" class="org.springframework.jdbc.datasource.DriverManagerDataSource">
        <property name="driverClassName" value="com.mysql.cj.jdbc.Driver" />
        <property name="url" value="jdbc:mysql://localhost:3306/hubparser" />
        <property name="username" value="parser" />
        <property name="password" value="parser" />
    </bean>
</beans>
